{"cameraMode":{"drawMode":0,"name":"Shaded","section":"Shading Mode"},"sceneLighting":true,"audioPlay":false,"sceneViewState":{"m_AlwaysRefresh":false,"showFog":true,"showSkybox":true,"showFlares":true,"showImageEffects":true,"showParticleSystems":true,"showVisualEffectGraphs":true,"m_FxEnabled":true},"in2DMode":false,"pivot":{"x":0.030920028686523439,"y":-0.6332025527954102,"z":1.5637578964233399},"rotation":{"x":-0.22476933896541596,"y":0.11428206413984299,"z":-0.02655540406703949,"w":-0.9673285484313965},"size":3.575866937637329,"orthographic":false}