{"cameraMode":{"drawMode":0,"name":"Shaded","section":"Shading Mode"},"sceneLighting":true,"audioPlay":false,"sceneViewState":{"m_AlwaysRefresh":false,"showFog":true,"showSkybox":true,"showFlares":true,"showImageEffects":true,"showParticleSystems":true,"showVisualEffectGraphs":true,"m_FxEnabled":true},"in2DMode":false,"pivot":{"x":1.1928565502166749,"y":0.3699374198913574,"z":0.5373077988624573},"rotation":{"x":-0.2319517880678177,"y":0.24123910069465638,"z":-0.059498898684978488,"w":-0.9404646158218384},"size":4.776098728179932,"orthographic":false}