{"cameraMode":{"drawMode":0,"name":"Shaded","section":"Shading Mode"},"sceneLighting":true,"audioPlay":false,"sceneViewState":{"m_AlwaysRefresh":false,"showFog":true,"showSkybox":true,"showFlares":true,"showImageEffects":true,"showParticleSystems":true,"showVisualEffectGraphs":true,"m_FxEnabled":true},"in2DMode":false,"pivot":{"x":1.3643726110458375,"y":1.2558950185775757,"z":-1.928045630455017},"rotation":{"x":-0.35841771960258486,"y":0.49180757999420168,"z":-0.2323227822780609,"w":-0.7587493658065796},"size":1.9831151962280274,"orthographic":false}