{"cameraMode":{"drawMode":0,"name":"Shaded","section":"Shading Mode"},"sceneLighting":true,"audioPlay":false,"sceneViewState":{"m_AlwaysRefresh":false,"showFog":true,"showSkybox":true,"showFlares":true,"showImageEffects":true,"showParticleSystems":true,"showVisualEffectGraphs":true,"m_FxEnabled":true},"in2DMode":false,"pivot":{"x":0.02787443995475769,"y":0.16738533973693849,"z":8.765556335449219},"rotation":{"x":-0.2885059118270874,"y":-0.029582830145955087,"z":0.008918272331357003,"w":-0.9569807052612305},"size":2.5926690101623537,"orthographic":false}