{"cameraMode":{"drawMode":0,"name":"Shaded","section":"Shading Mode"},"sceneLighting":true,"audioPlay":false,"sceneViewState":{"m_AlwaysRefresh":false,"showFog":true,"showSkybox":true,"showFlares":true,"showImageEffects":true,"showParticleSystems":true,"showVisualEffectGraphs":true,"m_FxEnabled":true},"in2DMode":false,"pivot":{"x":-3.3924193382263185,"y":2.5686469078063967,"z":2.3039321899414064},"rotation":{"x":-0.24047386646270753,"y":0.32615670561790469,"z":-0.08617502450942993,"w":-0.9101547598838806},"size":2.840522527694702,"orthographic":false}