{"cameraMode":{"drawMode":0,"name":"Shaded","section":"Shading Mode"},"sceneLighting":true,"audioPlay":false,"sceneViewState":{"m_AlwaysRefresh":false,"showFog":true,"showSkybox":true,"showFlares":true,"showImageEffects":true,"showParticleSystems":true,"showVisualEffectGraphs":true,"m_FxEnabled":true},"in2DMode":false,"pivot":{"x":-12.158624649047852,"y":8.954732894897461,"z":12.75893497467041},"rotation":{"x":0.33820194005966189,"y":0.31688958406448367,"z":-0.12211894989013672,"w":0.8776658773422241},"size":0.27812665700912478,"orthographic":false}